Humidity3pm,Rainfall,RainToday,TempRange,WindGustSpeed,Pressure9am,AvgPressure,HumidityChange,AvgHumidity
7.0,8.8812639067,true,33.3,6.7,1016.1,1061.69,5.6,86.0
75.3,5.4943572301,false,21.4,77.2,908.7,964.98,-76.2,56.1
34.6,5.2681112976,false,7.0,65.3,1083.9,955.31,-9.9,80.3
41.5,1.7896336455,true,3.1,104.8,1006.2,992.38,77.7,53.0
56.3,6.4108193439,true,11.3,188.9,983.9,946.4,-21.5,47.7
56.1,1.7319590774,true,36.9,124.5,985.4,1023.9,35.8,6.4
58.1,7.4809189234,true,12.6,116.9,1014.9,984.79,-44.2,86.0
82.2,7.8967804349,false,22.2,151.8,1014.4,929.02,-53.6,11.8
22.0,3.9760684001,false,28.6,172.2,960.4,918.53,-37.6,8.7
70.3,1.0539512655,true,20.2,86.5,947.8,962.5,-60.4,30.8
25.7,9.2633360316,false,16.6,57.9,991.3,1007.6,-7.3,8.4
68.1,3.8274953061,true,37.0,0.8,1015.8,951.33,17.9,85.4
5.7,8.4203219584,true,22.2,10.5,1044.5,1062.06,-45.3,80.0
39.7,2.2786495647,true,22.0,57.2,1034.3,936.38,65.0,78.6
42.9,7.3557409173,false,26.9,4.7,1079.9,939.86,60.7,49.7
33.9,0.6870676099,true,41.4,45.8,943.9,1100.0,27.5,25.1
65.3,8.7243491342,false,14.1,97.8,933.2,932.01,-28.4,58.8
83.4,8.6388641975,false,19.2,112.5,926.8,1077.92,-99.7,93.2
87.2,6.5020003501,false,41.0,150.9,1048.6,1092.36,67.5,32.1
34.4,3.0311333752,true,48.7,82.9,947.1,925.32,29.7,86.4
79.9,8.877827438,true,38.8,178.5,1005.8,1066.34,6.1,46.1
99.3,3.5745425424,false,33.2,9.5,1070.3,933.4,75.7,61.4
84.8,0.330552582,false,15.4,44.2,1059.8,957.01,-59.3,79.3
34.3,1.9379943917,true,14.1,75.4,1042.3,995.62,30.6,63.4
32.5,1.4667879184,true,34.8,100.7,1061.7,1083.75,-83.1,37.7
84.3,0.6461956988,false,46.8,56.2,911.4,1017.36,-0.8,98.1
33.0,9.7032970319,false,18.4,59.1,939.3,1065.19,-1.2,38.4
12.0,0.3559671264,false,7.3,93.5,1066.7,1042.03,-87.4,59.7
13.9,9.0722799817,false,36.3,79.0,1094.7,957.72,-74.3,80.0
49.6,6.3053336574,false,45.6,117.3,947.6,1073.64,4.5,91.4
26.5,1.7240851927,false,17.9,164.6,924.6,1066.65,31.7,51.5
24.6,8.7590373861,true,1.3,156.3,1036.3,1080.63,-67.8,51.0
79.7,2.2040621201,false,14.4,120.2,1000.9,1035.69,-31.7,69.4
55.1,4.3644905988,false,49.4,49.6,1028.2,1043.93,49.5,46.4
60.5,6.1311627239,false,29.7,68.7,1001.4,1002.73,-73.5,31.0
46.1,7.7079427144,false,40.2,128.5,992.0,1055.05,74.9,33.4
96.0,8.154811267,false,12.9,96.0,931.6,1041.19,-92.1,9.2
42.2,7.5989139445,false,25.3,200.0,911.8,979.79,-1.8,84.4
14.6,2.4402086381,true,21.7,118.6,913.2,1065.15,-33.2,36.4
1.6,1.970285036,true,41.8,180.7,1018.1,942.72,-98.9,23.1
87.8,7.6185165096,true,36.1,122.7,965.5,1019.59,-84.7,59.9
49.8,4.2151733134,true,27.2,184.1,1006.1,942.41,26.5,70.4
47.2,2.6312016666,true,47.1,75.5,968.2,1095.86,9.7,95.8
84.2,2.7588451854,false,8.1,147.9,1068.5,967.9,71.5,61.0
36.7,5.0462483819,false,36.5,61.4,912.8,955.03,94.4,70.3
35.4,0.4675478891,true,8.8,197.3,1062.1,962.29,-54.8,33.3
5.3,7.3564424873,true,47.4,158.9,962.8,940.49,5.4,11.8
25.2,2.7795543965,true,45.2,187.5,908.1,1034.03,-79.9,27.6
53.2,1.2362359534,true,20.2,65.6,942.3,944.2,-74.1,0.3
97.1,7.7813875499,true,2.2,127.7,1014.3,933.13,98.6,73.3
46.2,0.5253477492,true,10.3,136.7,1055.7,930.18,-59.0,40.1
79.0,8.239811796,true,29.9,14.7,1085.6,992.37,56.2,37.6
27.1,6.1810405096,true,35.0,144.3,1042.2,1066.42,-85.3,5.1
73.9,0.0496665742,true,1.1,137.0,1098.5,1063.21,45.4,51.7
40.7,5.2652423729,true,14.9,33.6,1019.3,1007.34,-68.8,2.3
69.8,6.1861227173,true,2.3,150.2,1020.6,1070.29,54.1,14.2
72.9,1.4385556664,true,21.5,103.8,1093.9,1056.56,-27.7,15.2
1.8,0.0270237647,true,32.7,22.1,1028.0,942.87,77.4,92.6
67.9,0.0234440759,false,40.1,91.7,1030.4,920.88,-23.7,1.6
25.5,3.2799567995,true,1.2,74.2,1065.2,1022.01,-32.4,38.2
58.0,3.7564986318,true,23.1,176.1,1034.2,986.08,-97.6,30.6
37.8,1.9648204019,false,6.9,68.3,1013.0,1097.75,-91.3,8.8
88.2,2.7363412284,false,9.3,120.2,931.8,1053.26,27.3,16.4
3.9,0.9976440857,true,18.2,26.8,918.2,1024.18,48.2,32.9
78.4,8.3859198489,false,4.0,56.2,972.1,996.83,-46.7,56.5
23.9,7.2840210962,false,46.3,111.9,972.9,1023.89,-51.6,4.2
15.7,4.4713111863,true,45.4,9.7,947.0,1022.57,28.9,72.3
82.9,4.8639436369,false,5.3,189.2,996.7,1001.11,-18.8,84.0
80.0,3.8876612759,true,21.9,21.3,1044.2,1020.82,75.7,64.4
85.6,4.8651011426,false,30.8,75.9,997.5,900.33,6.0,56.0
37.9,6.7788910463,true,45.1,181.8,1077.2,966.38,-70.0,23.4
46.6,4.12376439,true,5.3,115.2,1051.8,980.13,-11.9,16.0
7.7,4.9558852946,true,6.6,164.9,1015.7,962.91,-73.8,40.6
90.0,1.4253306535,false,17.7,142.6,1084.3,1036.69,36.4,23.3
30.6,9.3898972593,true,44.2,48.8,1022.2,957.77,-37.8,47.9
13.7,1.9080191988,true,26.1,92.2,1053.7,1077.81,-29.5,58.1
8.2,5.3050438883,true,26.4,19.5,994.1,979.3,-31.9,91.3
27.1,6.1966677746,false,4.8,171.0,1071.1,1048.1,-83.4,93.1
81.0,7.9793923158,true,3.8,190.6,1004.5,939.71,93.6,56.3
90.2,7.9417472228,false,19.2,71.1,918.3,1010.56,-92.1,19.4
70.2,1.5069306843,false,31.4,43.6,968.5,961.93,7.3,67.7
25.5,1.1155808913,false,15.3,60.3,1038.0,929.28,42.8,57.1
97.8,4.1842779104,false,31.6,61.2,938.9,921.76,51.2,56.6
27.3,6.4923500792,false,5.9,77.4,1009.7,1033.35,44.1,23.6
9.8,3.5647567836,false,12.1,173.7,975.4,1096.12,-11.5,85.9
87.1,0.3954705641,false,48.4,41.4,1037.5,1053.9,47.4,11.8
88.2,5.4994346319,false,18.9,84.2,1068.4,1005.75,-54.3,39.6
25.2,6.1090279836,true,19.7,56.4,1070.3,904.45,99.2,11.0
54.0,9.2677342793,true,7.3,17.5,1003.0,965.15,-20.7,30.6
11.1,3.6828592177,true,35.7,69.3,1044.9,1033.12,90.9,92.3
29.2,8.4441763091,true,27.3,170.7,944.2,948.86,-94.1,94.7
30.5,3.2348140763,true,16.1,129.8,1019.6,1045.57,42.8,33.3
13.8,3.1789578546,true,11.7,181.1,1010.6,925.56,-6.9,60.8
83.4,7.6610665612,true,8.4,23.0,916.4,1095.44,-45.1,33.9
68.5,6.4105311229,false,40.4,129.2,1043.4,935.96,-35.1,4.1
67.8,7.1632630622,true,0.4,177.3,1024.3,1032.64,72.5,93.0
13.4,7.4738933798,true,40.5,29.1,927.0,1065.32,-11.4,18.2
49.1,5.0946068597,true,2.9,159.6,954.4,1086.83,52.8,56.6
91.5,8.2456725982,false,7.7,69.7,911.6,979.25,-27.3,68.4
72.7,0.3787538193,false,17.0,82.8,1031.5,943.3,97.8,62.2
